{
	"class_name" : "PinholeCameraParameters",
	"extrinsic" : 
	[
		0.90896429140563484,
		0.050933090233917372,
		0.41375081542962056,
		0.0,
		-0.38310145576969246,
		-0.28927667799621637,
		0.87724128844612403,
		0.0,
		0.16436907110705068,
		-0.95588954586118224,
		-0.24342962961954395,
		0.0,
		0.029926982713562457,
		0.083657543156335806,
		-0.10277387225361535,
		1.0
	],
	"intrinsic" : 
	{
		"height" : 749,
		"intrinsic_matrix" : 
		[
			648.65302743454458,
			0.0,
			0.0,
			0.0,
			648.65302743454458,
			0.0,
			684.5,
			374.0,
			1.0
		],
		"width" : 1370
	},
	"version_major" : 1,
	"version_minor" : 0
}