{
	"class_name" : "PinholeCameraParameters",
	"extrinsic" : 
	[
		1.0,
		-0.0,
		-0.0,
		0.0,
		0.0,
		-1.0,
		-0.0,
		0.0,
		0.0,
		-0.0,
		-1.0,
		0.0,
		-0.18135639432824358,
		0.38995709185085448,
		2.0426280505096073,
		1.0
	],
	"intrinsic" : 
	{
		"height" : 1062,
		"intrinsic_matrix" : 
		[
			919.71897881907387,
			0.0,
			0.0,
			0.0,
			919.71897881907387,
			0.0,
			959.5,
			530.5,
			1.0
		],
		"width" : 1920
	},
	"version_major" : 1,
	"version_minor" : 0
}