{
	"class_name" : "PinholeCameraParameters",
	"extrinsic" : 
	[
		-0.5209820698357891,
		-0.41733085415492882,
		0.74458890743814776,
		0.0,
		0.14517237969846161,
		-0.90293877832704361,
		-0.404507778375091,
		0.0,
		0.84113177509965864,
		-0.10264755605265807,
		0.53099982688708447,
		0.0,
		-0.30476169405207082,
		0.48021832381041113,
		1.4533060693861031,
		1.0
	],
	"intrinsic" : 
	{
		"height" : 1062,
		"intrinsic_matrix" : 
		[
			919.71897881907387,
			0.0,
			0.0,
			0.0,
			919.71897881907387,
			0.0,
			959.5,
			530.5,
			1.0
		],
		"width" : 1920
	},
	"version_major" : 1,
	"version_minor" : 0
}