{
	"class_name" : "PinholeCameraParameters",
	"extrinsic" : 
	[
		0.82893958802002121,
		-0.049513392201399012,
		0.55714233675597469,
		0.0,
		0.026220225430796947,
		-0.99153945028009371,
		-0.1271299269118327,
		0.0,
		0.55872324024650677,
		0.11999142690609266,
		-0.82062805111541504,
		0.0,
		-0.38731051834979402,
		0.34694008558913569,
		1.9183656233375608,
		1.0
	],
	"intrinsic" : 
	{
		"height" : 1062,
		"intrinsic_matrix" : 
		[
			919.71897881907387,
			0.0,
			0.0,
			0.0,
			919.71897881907387,
			0.0,
			959.5,
			530.5,
			1.0
		],
		"width" : 1920
	},
	"version_major" : 1,
	"version_minor" : 0
}